Заголовок,URL
"Подбор подшипника по размерам онлайн","/cgi-bin/article.pl?words=selection"
"Найти подшипник по номеру онлайн","/cgi-bin/article.pl?words=nomer"
"Система условных обозначений подшипников","/cgi-bin/article.pl?words=info"
"Класс точности подшипников  ГОСТ, ISO, ABEC","/cgi-bin/article.pl?words=class"
"Зазоры в подшипниках качения","/cgi-bin/article.pl?words=zazor"
"Обозначение момента трения подшипников","/cgi-bin/article.pl?words=trenie"
"Обозначение категорий подшипников","/cgi-bin/article.pl?words=kategoria"
"Обозначение внутреннего диаметра подшипников","/cgi-bin/article.pl?words=diameter"
"Обозначение размерных серий подшипников","/cgi-bin/article.pl?words=series"
"Типы подшипников","/cgi-bin/article.pl?words=type"
"Сепараторы подшипников качения","/cgi-bin/article.pl?words=separator"
"Смазка подшипников","/cgi-bin/article.pl?words=lubric"
"Примеры условного обозначения подшипников","/cgi-bin/article.pl?words=primer"
"ГОСТ Подшипники. Стандарты","/cgi-bin/article.pl?words=gost"
"Стандарты ISO. Подшипники","/cgi-bin/article.pl?words=iso"
"Аналоги подшипников  ГОСТ - ISO","/cgi-bin/article.pl?words=analog"
"Аналоги подшипников  ISO - ГОСТ","/cgi-bin/article.pl?words=analog_iso"
"Аналоги дополнительных знаков условных обозначений подшипников ГОСТ - ISO","/cgi-bin/article.pl?words=analog_dop"
"Условное обозначение подшипников по ЕТУ 100, ЕТУ 500 и ТУ","/cgi-bin/article.pl?words=etu"
"Коды ТН ВЭД на подшипники","/cgi-bin/article.pl?words=kod_tn_ved_podshipniki"
"Что такое модификация подшипников или как подобрать аналог подшипника ГОСТ и ISO? Взаимозаменяемость подшипников качения, скольжения!","/cgi-bin/article.pl?words=kak-podobrat-analog-podshipnika"
"Из чего состоит подшипник","/cgi-bin/article.pl?words=konstr"
"Как делают подшипники","/cgi-bin/article.pl?words=kak-delajut-podshipniki"
"Как выбрать подшипник","/cgi-bin/article.pl?words=select"
"Классификация подшипников","/cgi-bin/article.pl?words=priznak"
"Терминология конструкции подшипников","/cgi-bin/article.pl?words=term_images"
"Подшипники. Основные термины и определения","/cgi-bin/article.pl?words=term"
"Нагрузка на подшипники","/cgi-bin/article.pl?words=nagruzka"
"Угол контакта - подшипники шариковые радиально-упорные однорядные","/cgi-bin/article.pl?words=ugol_kontakta"
"Конструктивная разновидность подшипников","/cgi-bin/article.pl?words=konstrukcia"
"Предварительный натяг подшипников. Преднатяг","/cgi-bin/article.pl?words=preload"
"Предельная частота вращения подшипника","/cgi-bin/article.pl?words=rotating_speed"
"Комплекты подшипников - дуплекс","/cgi-bin/article.pl?words=duplex"
"Маркировка подшипников","/cgi-bin/article.pl?words=marking_bearings"
"Подшипники в виброустойчивом исполнении","/cgi-bin/article.pl?words=vibro"
"Миниатюрные подшипники","/cgi-bin/article.pl?words=mini_bearings"
"Высокотемпературные подшипники","/cgi-bin/article.pl?words=high_temperature_bearing"
"Монтаж подшипников","/cgi-bin/article.pl?words=instal"
"Переконсервация подшипников","/cgi-bin/article.pl?words=conserv"
"Посадки подшипников","/cgi-bin/article.pl?words=fit"
"Ревизия подшипников","/cgi-bin/article.pl?words=audit"
"Хранение и упаковка подшипников","/cgi-bin/article.pl?words=storing"
"Основные причины повреждения подшипников","/cgi-bin/article.pl?words=defect"
"Терминология дефектов неисправных подшипников","/cgi-bin/article.pl?words=term_defect"
"Подшипники в электродвигателях и основные причины отказов","/cgi-bin/article.pl?words=podshipniki_v_jelektrodvigateljah"
"Таблица расшифровки знака года выпуска подшипника.","/cgi-bin/article.pl?words=year_production_bearing"
"Техническая литература о подшипниках. Книги, учебники, справочники, информационные материалы по подшипникам.","/cgi-bin/article.pl?words=tehnicheskaja-literatura-o-podshipnikah"
"Сферические роликовые подшипники","/cgi-bin/article.pl?words=sfericheskie_rolikovye_podshipniki"
"Условное обозначения шарнирных подшипников  Ш, ШЛ, ШС, ШП, ШСП, ШСЛ, ШСР, ШСШ, ШН, ШЛТ, Ш..Е, ШУ, ШВХ, ШМ, ШМП, ШМЛ","/cgi-bin/article.pl?words=shs"
"Условное обозначение  игольчатых  подшипников серии К, КК, ИК, ИКВ, КВК, КСК, АК","/cgi-bin/article.pl?words=igolkk"
"Условное обозначение  игольчатых подшипников с одним наружным штампованым кольцом  серии 94, НК, НД, СК, СН, ВК, ГК","/cgi-bin/article.pl?words=igol94"
"Условное обозначение упорно-радиальных двухрядных роликовых комбинированых подшипников РИК, РИКБ, РИК...К, РИКБ...К","/cgi-bin/article.pl?words=rik"
"Шарнирные головки - шарнирные наконечники - наконечники штоков. Таблица аналогов шарнирных головок DURBAL INA SKF IKO ASAHI","/cgi-bin/article.pl?words=sharnirnaja_golovka"
"Условное обозначение подшипников шариковых и шарико-роликовых радиальных и радиально-упорных двухрядных с двухсторонним уплотнением, с валиком вместо внутреннего кольца Н 1Н 2Н 3Н 4Н 5Н НР 1НР 2НР 3НР 4НР 5НР","/cgi-bin/article.pl?words=eskimo"
"Подшипниковый узел. Корпусные подшипники. Подшипники UCF, UCFC, UCFL, UCP, UCPA, UCT","/cgi-bin/article.pl?words=bearing_unit"
"Обозначение и размеры подшипников SKF Y-типа (YEL, YET, YAR, YAT, YSA, YSP)","/cgi-bin/article.pl?words=y-type"
"Крестовины карданного вала и крестовины вала рулевого управления","/cgi-bin/article.pl?words=krest"
"Гибридные подшипники","/cgi-bin/article.pl?words=hybrid-bearings"
"Ролики конвейерные","/cgi-bin/article.pl?words=roliki-konvejernye"
"Велосипедные подшипники","/cgi-bin/article.pl?words=velosipednye_podshipniki"
"Шпиндельные подшипники","/cgi-bin/article.pl?words=shpindelnye_podshipniki"
"Перечень заводов-изготовителей подшипников на территории СНГ","/cgi-bin/article.pl?words=gpz"
"Онлайн каталоги производителей подшипников","/cgi-bin/article.pl?words=online_catalog"
"Обозначение подшипников МПЗ","/cgi-bin/article.pl?words=mpz"
"Обозначение подшипников SKF","/cgi-bin/article.pl?words=skf"
"Подшипники SKF EXPLORER","/cgi-bin/article.pl?words=skf_explorer"
"Обозначение подшипников FAG","/cgi-bin/article.pl?words=fag"
"Обозначение подшипников NSK","/cgi-bin/article.pl?words=nsk"
"Обозначение подшипников NTN SNR","/cgi-bin/article.pl?words=ntn_snr"
"Обозначение подшипников SNFA","/cgi-bin/article.pl?words=snfa"
"Обозначение подшипников KOYO","/cgi-bin/article.pl?words=koyo"
"Обозначение подшипников GMN","/cgi-bin/article.pl?words=gmn"
"Обозначение подшипников BARDEN","/cgi-bin/article.pl?words=barden"
"Обозначение подшипников FKL","/cgi-bin/article.pl?words=fkl"
"Обозначение подшипников BBC-R","/cgi-bin/article.pl?words=bbc-r"
"Экскурсия по заводу FKL: производство подшипников и карданных валов.","/cgi-bin/article.pl?words=bearins_fkl"
"Условное обозначение шариков","/cgi-bin/article.pl?words=shar"
"Условное обозначение роликов","/cgi-bin/article.pl?words=rolik"
"Тела качения подшипников: шарики и ролики - применяемость в подшипниках","/cgi-bin/article.pl?words=sharrol"
"Закрепительные втулки, стяжные втулки, гайки","/cgi-bin/article.pl?words=vtulki"
"Втулки скольжения. Подшипники скольжения.","/cgi-bin/article.pl?words=podshipniki_vtulki_skolgenija"
"Автомобильныe комплекты подшипников SKF, FAG, SNR, TIMKEN, FERSA A&S, QH","/cgi-bin/article.pl?words=skf_vkba"
"Советы SKF в выборе ступичного подшипника","/cgi-bin/article.pl?words=skf_advice"
"Симптомы неисправного подшипника ступицы колеса автомобиля.","/cgi-bin/article.pl?words=neispravnost_stupichnyh_podshipnikov"
"Подшипники для автомобильных кондиционеров","/cgi-bin/article.pl?words=conditioner"
"Подшипники и сальники для редукторов автобетоносмесителей","/cgi-bin/article.pl?words=podshipniki_dlja_avtobetonosmesitelej"
"Интересное о подшипниках","/cgi-bin/article.pl?words=interes"
"Деревянные подшипники - миф или реальность","/cgi-bin/article.pl?words=wooden_bearings"
"Подшипники. Термины на английском языке - русский перевод","/cgi-bin/article.pl?words=english"
"Слово ПОДШИПНИК на разных языках мира","/cgi-bin/article.pl?words=translate"
"С улыбкой о подшипниках :)","/cgi-bin/article.pl?words=humor"
"Шариковая опора","/cgi-bin/article.pl?words=sharikovaja_opora"
"Линейные направляющие качения и скольжения","/cgi-bin/article.pl?words=line"
"ШВП - шариковая винтовая передача","/cgi-bin/article.pl?words=shvp"
"Роликовые линейные опоры качения РС, ЛОК, RUS, Р88, РОД, РОНА-120","/cgi-bin/article.pl?words=opora_kachenija"
"ГОСТ Резинотехнические изделия (РТИ)","/cgi-bin/article.pl?words=gost_rti"
"Приводные ремни","/cgi-bin/article.pl?words=remni"
"Как подобрать приводной ремень по размеру","/cgi-bin/article.pl?words=kak_podobrat_privodnoj_remen_po_razmeru"
"Основные неисправности ременной передачи","/cgi-bin/article.pl?words=osnovnye_neispravnosti_remennoj_peredachi"
"Размеры и аналоги приводных ремней ГОСТ - импортная маркировка","/cgi-bin/article.pl?words=remni_analog"
"Как правильно рассчитать длину приводного ремня по диаметрам шкивов и расстоянию между ними. Калькулятор.","/cgi-bin/article.pl?words=kak_rasschitat_dlinu_privodnogo_remnja_po_shkivam"
"Резиновые армированные манжеты (сальники)","/cgi-bin/article.pl?words=oil_seal"
"Как подобрать сальник или манжету по размерам","/cgi-bin/article.pl?words=kak_podobrat_salnik_po_razmeram"
"Промышленные рукава и шланги","/cgi-bin/article.pl?words=promyshlenny_rukava_i_shlangi"
"Рукава высокого давления (РВД)","/cgi-bin/article.pl?words=rukava_vysokogo_davlenijai"
"Кольца резиновые уплотнительные круглого сечения","/cgi-bin/article.pl?words=ring"
"Шкивы для приводных ремней","/cgi-bin/article.pl?words=shkivy"
"Шкивы SKF для узких клиновых ремней","/cgi-bin/article.pl?words=skf_pulley"
"Приводные цепи","/cgi-bin/article.pl?words=cepi"
"Цепная передача","/cgi-bin/article.pl?words=cepi_peredacha"
"Звездочки","/cgi-bin/article.pl?words=zvezdochki"
"ГОСТ цепи, звездочки","/cgi-bin/article.pl?words=gost_cepi"
"Стопорные кольца","/cgi-bin/article.pl?words=lock_ring"
"Фильтра","/cgi-bin/article.pl?words=filter"
"Технические жидкости","/cgi-bin/article.pl?words=tehnicheskie_gidkosti"
"Быстроразъемные соединения БРС, КАМЛОКИ, адаптеры, переходники и фитинги","/cgi-bin/article.pl?words=bystrorazemnoe-soedinenie-brs"
"Насосы шестеренные НШ","/cgi-bin/article.pl?words=nasos_nsh"
"Редукторы","/cgi-bin/article.pl?words=reduktory"
"Втулки тапербуш - TAPER BUSH","/cgi-bin/article.pl?words=vtulki_taper_bush"
"Коды мобильных операторов и телефонные коды городов Беларуси","/cgi-bin/article.pl?words=phone"
"Закон РБ О защите прав потребителей.","/cgi-bin/article.pl?words=consumer_protection"
"Безопасность в интернете. Рекомендации по работе с электронной почтой.","/cgi-bin/article.pl?words=safe-internet"
